,precision,recall,f1-score,support
0,0.8421052631578947,0.9696969696969697,0.9014084507042254,33.0
1,0.9166666666666666,0.6470588235294118,0.7586206896551724,17.0
accuracy,0.86,0.86,0.86,0.86
macro avg,0.8793859649122806,0.8083778966131907,0.8300145701796988,50.0
weighted avg,0.8674561403508771,0.86,0.8528606119475474,50.0
