,precision,recall,f1-score,support
0,0.8591549295774648,0.9242424242424242,0.8905109489051095,132.0
1,0.9180327868852459,0.8484848484848485,0.8818897637795275,132.0
accuracy,0.8863636363636364,0.8863636363636364,0.8863636363636364,0.8863636363636364
macro avg,0.8885938582313553,0.8863636363636364,0.8862003563423185,264.0
weighted avg,0.8885938582313553,0.8863636363636364,0.8862003563423185,264.0
