,precision,recall,f1-score,support
0,0.8322147651006712,0.992,0.9051094890510948,125.0
1,0.9696969696969697,0.5614035087719298,0.711111111111111,57.0
accuracy,0.8571428571428571,0.8571428571428571,0.8571428571428571,0.8571428571428571
macro avg,0.9009558673988205,0.7767017543859649,0.808110300081103,182.0
weighted avg,0.8752723786280833,0.8571428571428571,0.8443517553006602,182.0
